order_id,order_date,customer_id,product_id,quantity,unit_price,updated_at
O1001,2025-01-08,C001,P100,1,64.00,2025-01-08T08:00:00
O1002,2025-01-11,C002,P200,2,38.00,2025-01-11T09:00:00
O1003,2025-01-21,C001,P300,1,72.00,2025-01-21T12:00:00
O1004,2025-02-02,C003,P100,2,60.00,2025-02-02T10:00:00
O1005,2025-02-14,C004,P200,1,40.00,2025-02-14T10:00:00
O1006,2025-02-15,C999,P100,1,64.00,2025-02-15T10:00:00
O1007,2025-02-16,C002,P300,-1,72.00,2025-02-16T10:00:00
O1002,2025-01-11,C002,P200,2,40.00,2025-02-01T10:00:00

